<?xml version="1.0" encoding="UTF-8" standalone="yes"?>
<addon id="plugin.video.wco" name="WCO" version="0.1" provider-name="Yogesh Pawar">
    <requires>
        <import addon="xbmc.python" version="2.1.0"/>
        <import addon="script.module.xbmcswift2" version="2.4.0"/>
        <import addon="script.module.requests" version="2.12.4"/>
        <import addon="script.module.beautifulsoup4" version="4.3.2"/>
    </requires>
    <extension point="xbmc.python.pluginsource" library="addon.py">
        <provides>video</provides>
    </extension>
    <extension point="xbmc.addon.metadata">
        <platform>all</platform>
        <language></language>
        <summary>WCO Video Plugin for www.watchcartoononline.io</summary>
        <description>WCO Video Plugin for www.watchcartoononline.io</description>
    </extension>
</addon>
